{
  "monte_carlo_n": 50000,
  "p_max_below_3_0": 0.99496,
  "p_max_below_3_5": 1.0,
  "p_max_below_4_0": 1.0,
  "p_D4_gap_persists": 1.0,
  "weighted_sensitivity_n": 100000,
  "dominance_probability": 0.85805,
  "min_dominance_margin": -0.5412753376639949,
  "mean_dominance_margin": 0.16617131546498382,
  "lp_max_D4_convex": 0.5,
  "gap_persistence_per_dim": {
    "D1_TECH": 1.0,
    "D2_PED": 1.0,
    "D3_INST": 1.0,
    "D4_HighStakes": 0.5,
    "D6_MultiStakeholder": 0.5
  },
  "framework_ci": {
    "F1 Chapelle (2001)": {
      "mean": 1.499986699987835,
      "ci_lo": 1.3102606727594384,
      "ci_hi": 1.689941551269752
    },
    "F2 Hubbard (2011)": {
      "mean": 1.0,
      "ci_lo": 1.0,
      "ci_hi": 1.0
    },
    "F3 Leakey (2011)": {
      "mean": 1.5000885425643589,
      "ci_lo": 1.3098958201470434,
      "ci_hi": 1.6904262225493927
    },
    "F4 Colpaert (2004)": {
      "mean": 1.0,
      "ci_lo": 1.0,
      "ci_hi": 1.0
    },
    "F5 Rosell-Aguilar (2017)": {
      "mean": 0.9999143947702055,
      "ci_lo": 0.6906153729180157,
      "ci_hi": 1.309294790003985
    },
    "F6 Almaiah et al. (2021)": {
      "mean": 2.500162092640386,
      "ci_lo": 2.1136309092223367,
      "ci_hi": 2.885092026866056
    },
    "F7 Al-Fraihat et al. (2020)": {
      "mean": 2.5005681077787383,
      "ci_lo": 2.113015616995319,
      "ci_hi": 2.8864343468012055
    },
    "F8 Scheffel/EFLA (2014)": {
      "mean": 1.4997860854118228,
      "ci_lo": 1.3097000900308826,
      "ci_hi": 1.6898704837585428
    },
    "F9 Park & Jo (2019)": {
      "mean": 1.500220854855745,
      "ci_lo": 1.3103131396573355,
      "ci_hi": 1.6899533772966489
    },
    "F10 UTAUT/Venkatesh (2003)": {
      "mean": 0.5001221872192214,
      "ci_lo": 0.31035547272246045,
      "ci_hi": 0.6905252696945837
    },
    "F11 TRAM/Kampa (2024)": {
      "mean": 1.0016523636013561,
      "ci_lo": 0.688053154318778,
      "ci_hi": 1.3122433909020053
    },
    "F12 Essafi/MLLA (2025)": {
      "mean": 1.9995082716309556,
      "ci_lo": 1.6911342095811415,
      "ci_hi": 2.309622758105293
    },
    "F* Proposed Framework": {
      "mean": 4.500056392729279,
      "ci_lo": 4.248431178386153,
      "ci_hi": 4.7529771746099465
    }
  },
  "poc_agreement": 0.8666666666666667,
  "poc_kappa": 0.7916666666666667
}